{"cameraMode":{"drawMode":0,"name":"Shaded","section":"Shading Mode"},"sceneLighting":false,"audioPlay":false,"sceneViewState":{"showFog":true,"showMaterialUpdate":true,"showSkybox":false,"showFlares":true,"showImageEffects":true,"showParticleSystems":true},"in2DMode":false,"pivot":{"x":0.0,"y":0.09981425106525421,"z":0.03497441112995148},"rotation":{"x":-0.06533820927143097,"y":0.16595524549484254,"z":-0.011020745150744915,"w":-0.9839065670967102},"size":1.8139041662216187,"orthographic":false}