{"cameraMode":{"drawMode":0,"name":"Shaded","section":"Shading Mode"},"sceneLighting":true,"audioPlay":false,"sceneViewState":{"showFog":true,"showMaterialUpdate":true,"showSkybox":true,"showFlares":true,"showImageEffects":true,"showParticleSystems":true},"in2DMode":false,"pivot":{"x":-1.4303200244903565,"y":1.8512945175170899,"z":-0.9183992147445679},"rotation":{"x":-0.06533820927143097,"y":0.16595524549484254,"z":-0.011020745150744915,"w":-0.9839065670967102},"size":4.590353488922119,"orthographic":false}