{"cameraMode":{"drawMode":0,"name":"Shaded","section":"Shading Mode"},"sceneLighting":true,"audioPlay":false,"sceneViewState":{"showFog":true,"showMaterialUpdate":true,"showSkybox":true,"showFlares":true,"showImageEffects":true,"showParticleSystems":true},"in2DMode":false,"pivot":{"x":1.5461475849151612,"y":4.1080322265625,"z":-9.069245338439942},"rotation":{"x":-0.1856793314218521,"y":-0.15972314774990083,"z":0.030603600665926935,"w":-0.9690776467323303},"size":71.37884521484375,"orthographic":false}