{"cameraMode":{"drawMode":0,"name":"Shaded","section":"Shading Mode"},"sceneLighting":false,"audioPlay":false,"sceneViewState":{"showFog":true,"showMaterialUpdate":true,"showSkybox":false,"showFlares":true,"showImageEffects":true,"showParticleSystems":true},"in2DMode":false,"pivot":{"x":0.669459342956543,"y":5.2545905113220219,"z":0.5573835372924805},"rotation":{"x":-0.39090901613235476,"y":-0.09308748692274094,"z":0.03977649286389351,"w":-0.9148529171943665},"size":32.31394577026367,"orthographic":false}